label,gender,profession,ideology_binary,ideology_multiclass
@user101,female,politician,left,moderate_left
@user103,male,politician,right,moderate_right
@user104,male,politician,left,left
@user11,female,politician,right,right
@user115,female,journalist,left,left
@user116,male,politician,left,left
@user121,female,politician,left,moderate_left
@user123,female,politician,right,moderate_right
@user131,male,politician,left,moderate_left
@user139,male,journalist,left,moderate_left
@user140,male,politician,left,moderate_left
@user150,male,politician,right,moderate_right
@user151,male,politician,left,left
@user160,female,politician,left,left
@user163,male,politician,left,moderate_left
@user171,male,journalist,left,moderate_left
@user173,male,politician,right,moderate_right
@user174,male,politician,right,moderate_right
@user18,male,politician,right,moderate_right
@user183,male,politician,right,moderate_right
@user184,male,politician,left,moderate_left
@user185,male,politician,right,right
@user187,female,politician,left,moderate_left
@user190,female,politician,left,moderate_left
@user197,male,politician,left,moderate_right
@user200,male,politician,left,moderate_left
@user208,male,politician,left,left
@user209,male,politician,right,right
@user21,male,politician,left,left
@user214,male,politician,left,left
@user216,female,politician,left,left
@user219,male,politician,left,moderate_left
@user22,male,politician,left,left
@user224,male,politician,right,moderate_right
@user229,female,politician,left,moderate_left
@user230,male,journalist,left,left
@user231,female,politician,right,right
@user232,female,politician,right,right
@user238,female,politician,left,left
@user241,female,politician,left,moderate_left
@user243,male,politician,left,moderate_left
@user248,female,journalist,left,moderate_left
@user254,male,politician,left,right
@user257,female,politician,left,moderate_left
@user260,female,politician,right,moderate_right
@user279,male,journalist,left,left
@user291,male,politician,right,moderate_right
@user296,female,politician,left,moderate_left
@user302,female,politician,left,moderate_left
@user303,male,politician,right,moderate_right
@user307,female,politician,right,right
@user308,male,politician,right,moderate_left
@user310,male,politician,left,left
@user320,male,journalist,left,left
@user328,male,politician,right,right
@user330,male,politician,right,moderate_right
@user345,male,politician,left,moderate_left
@user353,male,politician,left,left
@user358,female,journalist,right,moderate_right
@user36,male,politician,right,moderate_right
@user360,female,politician,right,moderate_right
@user363,male,politician,right,moderate_right
@user368,male,journalist,right,moderate_right
@user370,male,politician,right,right
@user373,female,politician,left,left
@user377,female,politician,left,moderate_left
@user378,female,politician,left,moderate_right
@user38,female,politician,left,left
@user384,male,journalist,left,left
@user386,male,politician,right,right
@user392,male,journalist,left,left
@user394,male,politician,right,moderate_right
@user395,male,politician,right,moderate_right
@user400,female,politician,left,moderate_left
@user401,male,politician,left,left
@user403,male,politician,left,moderate_left
@user416,male,politician,left,moderate_left
@user426,male,politician,left,moderate_left
@user428,female,politician,left,moderate_left
@user43,male,journalist,right,right
@user437,male,politician,right,moderate_right
@user438,female,politician,left,moderate_left
@user444,male,politician,left,moderate_left
@user445,male,politician,right,moderate_right
@user446,female,journalist,right,left
@user449,male,politician,right,moderate_right
@user450,female,politician,left,moderate_left
@user453,male,politician,right,moderate_right
@user456,male,politician,right,right
@user458,female,journalist,right,moderate_left
@user459,male,politician,right,right
@user461,male,journalist,right,right
@user462,male,politician,left,moderate_left
@user463,male,politician,right,moderate_right
@user465,male,politician,right,moderate_right
@user50,male,politician,right,moderate_left
@user54,female,politician,left,left
@user55,female,politician,left,moderate_left
@user59,male,journalist,right,right
@user62,female,politician,right,moderate_right
@user63,male,journalist,right,left
@user64,male,politician,left,left
@user65,male,journalist,left,left
@user67,male,politician,left,left
@user79,male,politician,left,left
